id_ahh,id_kab_kota,2010,2011,2012,2013,2014,2015,2017,2018,2019,2020,2021,2022,2023,2024
AHH001,1,63.995,64.1,64.16,64.18,64.19,64.59,64.85,64.955,65.17,65.22,65.24,65.44,65.655,65.775
AHH002,2,66.655,66.71,66.795,66.855,66.885,66.97,67.055,67.15,67.31,67.35,67.355,67.55,67.83,67.935
AHH003,3,62.865,62.98,63.06,63.11,63.14,63.54,63.83,63.96,64.215,64.3,64.36,64.595,64.86,65.02
AHH004,4,66.795,66.88,66.905,66.98,67.02,67.32,67.565,67.715,67.985,68.085,68.155,68.405,68.7,68.825
AHH005,5,67.86,67.915,67.965,68,68.015,68.115,68.265,68.375,68.61,68.675,68.705,68.89,69.12,69.23
AHH006,6,68.16,68.21,68.24,68.29,68.32,68.38,68.555,68.645,68.765,68.79,68.79,68.965,69.23,69.34
AHH007,7,67.1,67.155,67.2,67.24,67.26,67.36,67.565,67.67,67.88,67.93,67.945,68.135,68.39,68.53
AHH008,8,69.28,69.32,69.36,69.38,69.39,69.425,69.495,69.565,69.71,69.745,69.745,69.93,70.19,70.34
AHH009,9,66.085,66.15,66.195,66.215,66.225,66.325,66.525,66.625,66.835,66.89,66.9,67.09,67.34,67.46
AHH010,10,70.215,70.24,70.265,70.285,70.295,70.495,70.745,70.865,71.1,71.17,71.2,71.41,71.71,71.875
AHH011,11,68.26,68.305,68.345,68.36,68.37,68.435,68.55,68.62,68.735,68.755,68.755,68.94,69.195,69.325
AHH012,12,63.385,63.5,63.58,63.635,63.665,64.065,64.45,64.59,64.855,64.95,65.015,65.245,65.53,65.695
AHH013,13,64.185,64.26,64.32,64.36,64.38,64.68,64.93,65.07,65.325,65.42,65.475,65.705,65.965,66.075
AHH014,14,68.515,68.555,68.59,68.605,68.615,68.915,69.105,69.23,69.465,69.53,69.565,69.785,70.09,70.255
AHH015,15,68.115,68.18,68.2,68.23,68.24,68.54,68.7,68.83,69.08,69.17,69.215,69.41,69.655,69.795
AHH016,16,66.235,66.295,66.34,66.39,66.42,66.52,66.71,66.82,67.045,67.11,67.14,67.34,67.605,67.74
AHH017,17,68.455,68.505,68.525,68.565,68.585,68.685,68.845,68.935,69.135,69.175,69.205,69.44,69.685,69.84
AHH018,18,68.95,68.99,69.01,69.055,69.075,69.375,69.625,69.75,70,70.095,70.145,70.37,70.645,70.82
AHH019,19,70.655,70.68,70.705,70.73,70.74,70.83,70.905,71.045,71.305,71.405,71.47,71.73,72.07,72.22
AHH020,20,69.46,69.48,69.485,69.485,69.485,69.785,70.035,70.155,70.39,70.465,70.505,70.73,71.025,71.22
AHH021,21,68.59,68.645,68.69,68.72,68.73,68.83,69.005,69.105,69.32,69.375,69.385,69.575,69.825,69.97
AHH022,22,70.47,70.51,70.53,70.55,70.56,70.86,71.08,71.21,71.46,71.55,71.61,71.845,72.11,72.295
AHH023,23,62.54,62.6,62.78,62.805,62.815,63.215,63.505,63.63,63.885,63.97,64.025,64.255,64.455,64.56
AHH024,24,68.395,68.52,68.64,68.715,68.815,68.915,69.125,69.37,69.62,69.705,69.745,70.005,70.385,70.565
AHH025,25,60.525,60.715,60.9,61.03,61.13,61.53,61.915,62.185,62.455,62.55,62.605,62.975,63.52,63.7
AHH026,26,62.375,62.59,62.815,62.985,63.085,63.685,64.225,64.49,64.765,64.865,64.935,65.215,65.605,65.785
AHH027,27,66.38,66.395,66.4,66.365,66.465,66.565,66.67,66.83,67.02,67.1,67.18,67.48,67.945,68.235
AHH028,28,66.705,66.855,67,67.095,67.195,67.495,67.81,68.06,68.405,68.585,68.71,69.06,69.615,69.82
AHH029,29,68.53,68.665,68.8,68.885,68.985,69.085,69.305,69.535,69.87,70.035,70.21,70.615,71.29,71.465
AHH030,30,69.1,69.12,69.14,69.105,69.205,69.305,69.44,69.6,69.8,69.88,69.91,70.335,70.82,71.035
AHH031,31,66.8,66.92,67.04,67.12,67.22,67.32,67.515,67.74,68.055,68.21,68.335,68.675,69.135,69.32
AHH032,32,69.815,69.925,70.025,70.09,70.19,70.29,70.475,70.695,71.02,71.18,71.325,71.675,72.255,72.435
AHH033,33,66.87,67.03,67.205,67.325,67.425,67.725,68.075,68.36,68.73,68.95,69.14,69.555,70.15,70.32
AHH034,34,70.235,70.26,70.29,70.27,70.37,70.57,70.71,70.91,71.215,71.35,71.505,71.88,72.325,72.485
AHH035,35,70.68,70.685,70.695,70.655,70.755,70.955,71.05,71.25,71.55,71.685,71.765,72.065,72.355,72.53
AHH036,36,66.805,66.94,67.08,67.175,67.275,67.575,67.88,68.165,68.535,68.745,68.935,69.335,69.685,69.95
AHH037,37,66.765,66.855,66.95,67,67.1,67.6,67.94,68.195,68.52,68.685,68.815,69.13,69.625,69.845
AHH038,38,67.36,67.47,67.58,67.645,67.745,68.045,68.35,68.63,69.005,69.215,69.435,69.885,70.32,70.545
AHH039,39,64.3,64.32,64.335,64.32,64.42,64.82,64.99,65.215,65.54,65.705,65.89,66.305,66.945,67.285
AHH040,40,69.18,69.305,69.425,69.505,69.605,70.205,70.625,70.815,71.1,71.225,71.345,71.695,72.285,72.455
AHH041,41,66.605,66.79,66.97,67.115,67.215,67.415,67.73,68.02,68.405,68.635,68.805,69.19,69.64,69.875
AHH042,42,65.005,65.135,65.265,65.34,65.44,65.74,66.04,66.32,66.695,66.9,67.075,67.445,67.935,68.165
AHH043,43,66.255,66.275,66.28,66.245,66.345,66.445,66.58,66.77,67,67.105,67.19,67.485,67.865,68.045
AHH044,44,65.79,65.835,65.87,65.85,65.95,66.25,66.44,66.625,66.92,67.04,67.11,67.39,67.755,67.925
AHH045,45,67.915,67.94,67.95,67.915,68.015,68.065,68.175,68.425,68.58,68.64,68.715,69.015,69.59,69.775
AHH046,46,68.12,68.21,68.305,68.345,68.445,68.645,68.85,69.03,69.305,69.415,69.535,69.87,70.3,70.525
AHH049,49,66.765,66.95,67.115,67.245,67.345,67.645,67.995,68.3,68.71,68.965,69.235,69.72,70.23,70.425
AHH050,50,60.91,61.04,61.18,61.245,61.345,61.845,62.22,62.535,62.965,63.22,63.425,63.85,64.33,64.485
AHH051,51,71.39,71.45,71.51,71.525,71.625,72.225,72.57,72.87,73.27,73.515,73.74,74.195,74.83,75.325
AHH052,52,69.74,69.81,69.865,69.88,69.98,70.08,70.22,70.405,70.7,70.835,70.935,71.26,71.68,71.825
AHH053,53,71.92,71.97,72.02,72.025,72.125,72.225,72.35,72.59,72.925,73.095,73.22,73.57,74.015,74.735
AHH054,54,71.145,71.19,71.235,71.235,71.335,71.535,71.695,71.895,72.195,72.335,72.43,72.755,73.185,73.335
AHH055,55,68.03,68.07,68.12,68.12,68.22,68.3,68.425,68.745,69.1,69.3,69.385,69.725,70.25,70.48
AHH057,57,63.435,63.45,63.47,63.475,63.495,63.995,64.34,64.46,64.625,64.655,64.66,64.86,65.145,65.315
AHH058,58,69.17,69.24,69.31,69.375,69.405,69.905,70.195,70.395,70.67,70.805,70.89,71.165,71.565,71.64
AHH059,59,66.545,66.645,66.745,66.84,66.89,67.29,67.595,67.895,68.275,68.53,68.74,69.13,69.605,69.85
AHH060,60,64.625,64.64,64.66,64.665,64.665,65.165,65.38,65.625,65.96,66.16,66.31,66.645,67.065,67.365
AHH061,61,67.825,67.96,68.1,68.225,68.29,68.69,69.05,69.32,69.67,69.9,70.08,70.45,70.89,71.015
AHH062,62,66.795,66.91,67.015,67.125,67.185,67.585,67.9,68.17,68.52,68.745,68.915,69.275,69.745,70.145
AHH063,63,70.56,70.615,70.675,70.725,70.745,71.245,71.52,71.78,72.115,72.325,72.485,72.84,73.28,73.525
AHH064,64,68.965,69.02,69.08,69.13,69.15,69.19,69.255,69.41,69.645,69.75,69.8,70.04,70.345,70.515
AHH065,65,65.495,65.555,65.615,65.67,65.695,66.195,66.49,66.775,67.125,67.355,67.54,67.905,68.335,68.655
AHH066,66,65.875,65.91,65.935,65.965,65.985,66.585,66.87,67.16,67.525,67.765,67.965,68.325,68.755,69.035
AHH067,67,69.395,69.485,69.575,69.66,69.7,70.1,70.385,70.675,71.04,71.285,71.48,71.845,72.295,72.645
AHH068,68,66.675,66.74,66.8,66.85,66.88,66.98,67.145,67.365,67.61,67.735,67.815,68.085,68.575,68.855
AHH069,69,73.11,73.115,73.125,73.125,73.125,73.135,73.195,73.34,73.52,73.605,73.645,73.89,74.24,74.525
AHH070,70,72.23,72.245,72.265,72.275,72.285,72.685,72.865,73.085,73.39,73.57,73.695,74.025,74.465,74.965
AHH071,71,68.915,68.98,69.025,69.085,69.115,69.215,69.335,69.535,69.81,69.96,70.07,70.375,70.74,70.965
AHH072,72,72.365,72.375,72.38,72.385,72.39,72.4,72.435,72.555,72.72,72.75,72.75,72.94,73.285,73.66
AHH073,73,73.055,73.055,73.065,73.065,73.065,73.465,73.63,73.85,74.16,74.345,74.48,74.805,75.205,75.505
AHH074,74,72.37,72.37,72.375,72.375,72.375,72.875,73.075,73.275,73.55,73.7,73.805,74.1,74.51,75.12
AHH075,75,69.33,69.355,69.395,69.42,69.43,69.53,69.65,69.85,70.09,70.21,70.28,70.54,70.995,71.215
AHH076,76,67.49,67.52,67.56,67.58,67.59,67.79,67.975,68.155,68.385,68.455,68.485,68.69,69.175,69.49
AHH077,77,69.455,69.47,69.545,69.57,69.58,69.68,69.78,69.92,70.145,70.205,70.205,70.385,70.74,70.91
AHH078,78,66.205,66.245,66.375,66.44,66.475,66.775,67.01,67.26,67.605,67.8,67.945,68.245,68.665,68.755
AHH079,79,69.4,69.725,69.81,69.98,70.07,70.17,70.485,70.69,70.975,71.11,71.185,71.44,72.05,72.18
AHH080,80,70.245,70.33,70.4,70.455,70.485,70.485,70.585,70.735,70.975,71.055,71.085,71.295,71.685,71.795
AHH081,81,69.525,69.59,69.665,69.715,69.745,69.945,70.105,70.3,70.59,70.715,70.78,71.03,71.475,71.61
AHH082,82,68.27,68.545,68.64,68.79,68.87,68.97,69.245,69.49,69.83,70.01,70.135,70.435,70.885,70.995
AHH083,83,70.265,70.305,70.325,70.325,70.325,70.525,70.635,70.795,71.055,71.15,71.195,71.425,71.835,71.97
AHH084,84,68.92,69.015,69.105,69.175,69.215,69.415,69.605,69.81,70.11,70.26,70.35,70.62,71.045,71.16
AHH086,86,71.355,71.405,71.45,71.485,71.5,71.6,71.69,71.875,72.165,72.305,72.385,72.655,73.075,73.26
AHH087,87,69.875,69.89,69.96,69.98,69.99,70.19,70.315,70.5,70.77,70.875,70.93,71.16,71.72,71.825
AHH088,88,68.695,68.835,68.97,69.09,69.15,69.25,69.465,69.595,69.765,69.91,70,70.265,70.6,70.845
AHH089,89,70.81,70.83,70.845,70.855,70.865,70.865,70.88,70.98,71.13,71.245,71.29,71.53,71.805,71.995
AHH090,90,68.56,68.58,68.595,68.605,68.615,68.715,68.81,68.92,69.025,69.145,69.235,69.51,69.745,69.965
AHH091,91,69.46,69.5,69.54,69.57,69.59,69.89,70.065,70.2,70.385,70.545,70.63,70.92,71.27,71.6
AHH092,92,70.545,70.58,70.61,70.64,70.65,70.75,70.845,70.96,71.12,71.25,71.34,71.61,71.885,72.14
AHH093,93,64.705,64.88,65.045,65.195,65.275,65.375,65.635,65.81,66.025,66.21,66.325,66.64,67.02,67.315
AHH094,94,67.38,67.4,67.4,67.405,67.41,67.61,67.715,67.835,67.975,68.085,68.145,68.395,68.725,68.965
AHH095,95,69.57,69.59,69.595,69.595,69.595,69.605,69.645,69.745,69.855,69.93,69.97,70.19,70.535,70.74
AHH096,96,66.555,66.59,66.615,66.63,66.635,67.035,67.215,67.365,67.555,67.715,67.84,68.145,68.47,68.76
AHH097,97,72.19,72.21,72.23,72.245,72.255,72.255,72.3,72.4,72.515,72.63,72.7,72.97,73.34,73.715
AHH098,98,71.29,71.34,71.39,71.435,71.46,71.56,71.66,71.785,71.95,72.1,72.205,72.51,72.905,73.255
AHH099,99,67.49,67.52,67.54,67.55,67.55,67.615,67.675,67.845,67.95,68.065,68.09,68.32,68.895,69.065
AHH100,100,67.885,67.915,67.925,67.935,67.935,67.99,68.05,68.23,68.36,68.49,68.53,68.785,69.36,69.525
AHH101,101,67.62,67.63,67.64,67.64,67.64,67.94,68.355,68.595,68.825,69.055,69.17,69.485,69.765,69.98
AHH102,102,63.865,63.955,64.025,64.085,64.115,64.815,65.19,65.44,65.705,65.98,66.12,66.465,66.925,67.16
AHH103,103,66.735,66.765,66.795,66.815,66.825,67.125,67.285,67.535,67.8,68.075,68.21,68.55,68.995,69.2
AHH104,104,67.915,67.925,67.93,67.935,67.935,68.035,68.135,68.325,68.485,68.645,68.7,68.965,69.56,69.765
AHH105,105,68.11,68.135,68.15,68.16,68.16,68.26,68.355,68.545,68.705,68.86,68.915,69.195,69.805,70.005
AHH106,106,65.625,65.665,65.695,65.715,65.725,66.025,66.185,66.435,66.705,66.975,67.03,67.295,67.93,68.3
AHH107,107,67.6,67.65,67.69,67.725,67.74,68.14,68.38,68.585,68.81,69.045,69.145,69.445,69.825,70.04
AHH108,108,64.17,64.23,64.28,64.31,64.33,64.53,64.665,64.905,65.155,65.42,65.56,65.91,66.38,66.585
AHH109,109,63.8,63.855,63.9,63.915,63.925,64.125,64.26,64.5,64.755,65.03,65.095,65.38,65.78,65.91
AHH112,112,69.7,69.72,69.735,69.745,69.745,69.945,70.04,70.26,70.485,70.725,70.97,71.43,72.04,72.405
AHH113,113,69.31,69.325,69.33,69.33,69.33,69.53,69.615,69.825,70.03,70.255,70.42,70.81,71.315,71.635
AHH114,114,65.22,65.3,65.36,65.42,65.45,65.65,65.805,66.075,66.355,66.655,66.82,67.215,67.75,68.025
AHH115,115,68.395,68.405,68.415,68.415,68.415,68.515,68.605,68.795,68.98,69.165,69.285,69.645,70.3,70.635
AHH116,116,66.89,66.94,66.975,67,67.015,67.115,67.23,67.435,67.73,67.87,67.935,68.15,68.44,68.58
AHH117,117,67.145,67.22,67.285,67.34,67.37,67.47,67.585,67.885,68.315,68.575,68.765,69.05,69.27,69.465
AHH118,118,67.23,67.27,67.295,67.31,67.315,67.315,67.395,67.645,67.985,68.14,68.215,68.43,68.82,69.035
AHH119,119,65.31,65.355,65.375,65.4,65.41,65.71,65.86,66.09,66.45,66.62,66.73,66.985,67.32,67.56
AHH120,120,66.26,66.3,66.32,66.34,66.35,66.65,66.795,67.085,67.495,67.725,67.88,68.17,68.39,68.58
AHH121,121,65.52,65.61,65.68,65.74,65.77,65.77,65.875,66.105,66.46,66.625,66.72,66.96,67.35,67.615
AHH122,122,61.895,61.945,61.955,61.96,61.965,62.265,62.475,62.745,63.07,63.235,63.335,63.57,63.975,64.18
AHH123,123,66.455,66.495,66.545,66.575,66.595,66.895,67.065,67.335,67.73,67.94,68.075,68.25,68.51,68.655
AHH124,124,67.52,67.545,67.555,67.555,67.555,67.555,67.63,67.81,68.065,68.155,68.195,68.4,68.57,68.69
AHH125,125,69.255,69.305,69.345,69.385,69.405,69.405,69.46,69.66,69.98,70.13,70.195,70.42,70.785,71.08
AHH126,126,65.265,65.395,65.52,65.64,65.98,66.38,66.805,67.035,67.37,67.515,67.58,67.81,68.18,68.45
AHH127,127,66.405,66.525,66.63,66.73,67.06,67.36,67.74,67.98,68.34,68.505,68.615,68.89,69.28,69.605
AHH128,128,67.5,67.585,67.67,67.745,68.065,68.265,68.6,68.82,69.14,69.275,69.365,69.62,70.02,70.375
AHH129,129,68.725,68.805,68.88,68.95,69.27,69.67,70.05,70.25,70.555,70.67,70.725,70.94,71.295,71.575
AHH130,130,68.285,68.37,68.45,68.53,68.85,68.95,69.225,69.405,69.69,69.79,69.825,70.03,70.34,70.595
AHH131,131,67.26,67.39,67.51,67.625,67.965,68.065,68.42,68.655,68.995,69.15,69.25,69.515,69.88,70.18
AHH132,132,67.585,67.675,67.755,67.83,68.15,68.35,68.69,68.9,69.215,69.34,69.395,69.61,69.96,70.21
AHH133,133,68.425,68.48,68.535,68.58,68.88,69.08,69.355,69.535,69.82,69.915,69.96,70.16,70.47,70.605
AHH134,134,66.68,66.78,66.87,66.96,67.28,67.78,68.235,68.475,68.82,68.97,69.085,69.365,69.785,70.17
AHH139,139,70.15,70.17,70.19,70.2,70.48,70.58,70.79,70.96,71.225,71.295,71.335,71.55,71.96,72.285
AHH140,140,70.525,70.565,70.59,70.62,70.92,70.92,71.07,71.225,71.5,71.575,71.62,71.84,72.17,72.49
AHH141,141,70.225,70.295,70.345,70.39,70.41,70.42,70.505,70.675,70.935,71,71.075,71.285,71.64,71.855
AHH142,142,69.98,70.045,70.095,70.14,70.16,70.26,70.385,70.585,70.88,70.985,71.045,71.235,71.585,71.8
AHH143,143,69.185,69.26,69.33,69.39,69.42,69.44,69.545,69.715,69.935,70.015,70.05,70.215,70.475,70.635
AHH144,144,69.695,69.775,69.84,69.9,69.93,70.23,70.43,70.715,71.1,71.31,71.48,71.77,72.16,72.405
AHH145,145,66.135,66.255,66.36,66.45,66.49,66.79,67.07,67.41,67.84,68.1,68.3,68.615,69.035,69.29
AHH146,146,70.825,70.885,70.925,70.955,70.975,71.175,71.305,71.52,71.845,71.99,72.075,72.305,72.635,72.9
AHH147,147,72.125,72.165,72.2,72.23,72.25,72.45,72.585,72.805,73.115,73.24,73.355,73.61,74.04,74.56
AHH148,148,68.15,68.465,68.71,68.88,68.97,69.67,70.26,70.46,70.655,70.86,71.065,71.48,72.055,72.245
AHH149,149,69.36,69.565,69.705,69.81,69.86,69.885,70.065,70.16,70.24,70.32,70.41,70.705,71.14,71.26
AHH150,150,61.915,62.41,62.8,63.065,63.195,63.595,64.28,64.52,64.755,65,65.245,65.675,66.27,66.455
AHH151,151,56.445,57.525,58.405,59.08,59.415,59.715,61.085,61.385,61.695,62.015,62.35,62.865,63.545,63.78
AHH152,152,65.195,65.595,65.875,66.08,66.18,66.28,66.7,66.845,67.005,67.155,67.31,67.66,68.145,68.42
AHH153,153,72.475,72.57,72.65,72.715,72.745,72.945,73.14,73.19,73.235,73.275,73.31,73.56,74.025,74.145
AHH154,154,71.12,71.265,71.375,71.45,71.485,71.585,71.78,71.865,71.96,72.045,72.13,72.43,72.9,73.21
AHH155,155,66.89,66.935,66.98,67.11,67.17,67.67,68.03,68.26,68.465,68.705,68.935,69.145,69.655,69.825
AHH156,156,73.66,73.7,73.725,73.745,73.755,73.755,73.84,73.93,74.03,74.135,74.225,74.555,74.86,75.12
AHH157,157,73.83,73.865,73.895,73.92,73.935,74.035,74.16,74.25,74.315,74.41,74.485,74.805,75.195,75.42
AHH158,158,73.335,73.405,73.47,73.52,73.54,73.64,73.775,73.865,73.965,74.07,74.15,74.47,74.885,75.295
AHH159,159,73.14,73.16,73.165,73.165,73.165,73.265,73.335,73.415,73.485,73.575,73.655,73.81,74.24,74.415
AHH160,160,72.66,72.695,72.725,72.74,72.75,72.85,72.935,73.025,73.12,73.245,73.33,73.495,73.675,74.005
AHH161,161,70.28,70.33,70.37,70.41,70.43,70.53,70.65,70.81,70.96,71.15,71.385,71.63,71.965,72.205
AHH162,162,69.41,69.495,69.575,69.645,69.675,69.975,70.2,70.43,70.67,70.95,71.2,71.5,71.885,72.11
AHH163,163,68.705,68.81,68.905,68.985,69.025,69.225,69.435,69.645,69.86,70.1,70.34,70.56,70.84,71.005
AHH164,164,72.87,72.88,72.89,72.9,72.91,73.01,73.09,73.22,73.34,73.505,73.73,73.975,74.35,74.585
AHH165,165,70.28,70.33,70.375,70.41,70.425,70.625,70.78,70.97,71.16,71.395,71.61,71.74,72.12,72.325
AHH166,166,67.48,67.615,67.735,67.845,67.905,68.305,68.66,68.91,69.155,69.45,69.685,69.925,70.24,70.44
AHH167,167,69.93,70.035,70.135,70.23,70.28,70.68,71.015,71.265,71.52,71.82,72.05,72.295,72.62,72.92
AHH168,168,71.98,72.04,72.1,72.15,72.18,72.58,72.825,73.05,73.29,73.57,73.795,74.025,74.37,74.57
AHH169,169,71.035,71.09,71.14,71.19,71.22,71.32,71.435,71.605,71.765,71.975,72.205,72.455,72.81,73.09
AHH170,170,68.16,68.295,68.425,68.54,68.595,68.995,69.335,69.625,69.91,70.245,70.475,70.735,71.1,71.355
AHH171,171,71.62,71.685,71.745,71.805,71.835,71.88,71.95,72.09,72.23,72.41,72.63,72.865,73.24,73.495
AHH172,172,69.935,70.025,70.115,70.195,70.235,70.535,70.8,71.05,71.315,71.62,71.865,72.14,72.51,72.815
AHH173,173,70.98,71.03,71.085,71.135,71.165,71.465,71.65,71.855,72.075,72.34,72.61,72.91,73.295,73.57
AHH174,174,69.82,69.85,69.87,69.89,69.9,70.2,70.365,70.555,70.74,70.97,71.195,71.435,71.785,72.04
AHH175,175,71.295,71.325,71.355,71.385,71.395,71.495,71.58,71.75,71.92,72.14,72.355,72.595,72.95,73.195
AHH176,176,72.875,72.945,73.005,73.065,73.095,73.12,73.245,73.375,73.505,73.655,73.81,74.02,74.38,74.65
AHH177,177,71.445,71.47,71.49,71.505,71.51,71.71,71.815,71.98,72.125,72.315,72.545,72.775,73.15,73.395
AHH179,179,72.485,72.495,72.505,72.515,72.525,72.825,72.96,73.165,73.36,73.59,73.835,74.105,74.53,74.79
AHH180,180,71.59,71.63,71.665,71.695,71.705,71.805,71.89,72.05,72.205,72.4,72.595,72.82,73.165,73.4
AHH181,181,73.655,73.685,73.715,73.735,73.745,73.765,73.86,74,74.085,74.21,74.435,74.69,75.115,75.37
AHH182,182,71.56,71.605,71.65,71.69,71.71,71.73,71.805,71.935,72.07,72.24,72.46,72.715,73.13,73.385
AHH183,183,74.055,74.075,74.095,74.105,74.115,74.415,74.615,74.745,74.84,74.965,75.185,75.44,75.775,76.02
AHH184,184,73.78,73.81,73.85,73.88,73.9,73.96,74.075,74.205,74.345,74.515,74.735,74.995,75.3,75.545
AHH185,185,73.475,73.485,73.495,73.5,73.5,73.52,73.59,73.73,73.835,73.98,74.205,74.46,74.875,75.12
AHH186,186,70.675,70.75,70.82,70.88,70.91,71.21,71.42,71.635,71.87,72.135,72.365,72.62,72.97,73.215
AHH187,187,69.87,69.97,70.06,70.145,70.19,70.225,70.335,70.54,70.735,70.965,71.195,71.46,71.845,72.08
AHH188,188,72.395,72.49,72.595,72.695,72.745,72.945,73.18,73.33,73.465,73.705,73.9,74.095,74.34,74.685
AHH189,189,72.615,72.685,72.765,72.835,72.865,73.065,73.28,73.38,73.48,73.675,73.82,73.96,74.07,74.44
AHH190,190,72.51,72.57,72.64,72.705,72.74,72.755,72.855,72.925,72.965,73.105,73.195,73.28,73.465,73.82
AHH191,191,73.03,73.12,73.2,73.285,73.33,73.53,73.735,73.86,73.955,74.15,74.255,74.355,74.56,74.875
AHH192,192,72.185,72.31,72.43,72.55,72.61,72.71,72.925,73.055,73.16,73.37,73.53,73.685,73.925,74.315
AHH193,193,73.395,73.5,73.605,73.71,73.765,73.965,74.205,74.34,74.465,74.68,74.845,75.015,75.29,75.76
AHH194,194,70.315,70.44,70.57,70.71,70.78,70.98,71.24,71.4,71.545,71.795,71.925,72.035,72.2,72.445
AHH195,195,72.945,73.01,73.08,73.15,73.19,73.225,73.33,73.405,73.5,73.695,73.86,74.015,74.3,74.655
AHH196,196,75.35,75.405,75.46,75.52,75.55,75.6,75.745,75.815,75.855,76,76.1,76.195,76.265,76.65
AHH197,197,76.315,76.365,76.415,76.465,76.485,76.505,76.67,76.725,76.74,76.85,76.95,77.045,77.105,77.455
AHH198,198,77.32,77.34,77.36,77.38,77.39,77.435,77.58,77.63,77.645,77.755,77.855,77.96,78.01,78.375
AHH199,199,75.52,75.59,75.665,75.735,75.765,75.8,76.01,76.06,76.075,76.185,76.285,76.395,76.6,76.895
AHH200,200,76.555,76.585,76.615,76.645,76.655,77.055,77.345,77.395,77.41,77.52,77.62,77.715,77.83,78.16
AHH201,201,75,75.07,75.145,75.215,75.255,75.355,75.535,75.585,75.605,75.725,75.82,75.915,76.015,76.375
AHH202,202,73.74,73.815,73.895,73.975,74.015,74.215,74.405,74.495,74.555,74.72,74.83,74.935,75.125,75.47
AHH203,203,73.455,73.545,73.64,73.73,73.78,73.81,73.93,74.06,74.175,74.375,74.505,74.63,74.795,75.145
AHH204,204,73.915,73.975,74.035,74.105,74.135,74.165,74.265,74.335,74.375,74.505,74.58,74.65,74.855,75.195
AHH205,205,75.17,75.225,75.285,75.345,75.375,75.575,75.815,75.945,75.955,76.115,76.19,76.26,76.43,76.765
AHH206,206,76.27,76.29,76.31,76.33,76.34,76.37,76.515,76.55,76.57,76.685,76.765,76.845,76.9,77.25
AHH207,207,75.52,75.54,75.55,75.57,75.58,75.62,75.75,75.78,75.8,75.925,76,76.07,76.115,76.465
AHH208,208,74.995,75.03,75.065,75.1,75.115,75.215,75.285,75.315,75.33,75.44,75.505,75.57,75.625,75.975
AHH209,209,75.34,75.365,75.39,75.42,75.44,75.455,75.585,75.635,75.65,75.77,75.845,75.925,75.99,76.335
AHH210,210,75.115,75.165,75.205,75.255,75.285,75.305,75.445,75.5,75.515,75.62,75.69,75.755,75.82,76.16
AHH211,211,73.865,73.925,73.985,74.055,74.085,74.105,74.215,74.28,74.295,74.42,74.49,74.555,74.675,75.02
AHH212,212,74.17,74.22,74.27,74.33,74.36,74.375,74.505,74.565,74.585,74.71,74.77,74.815,74.945,75.295
AHH213,213,73.03,73.1,73.17,73.245,73.28,73.305,73.41,73.48,73.515,73.655,73.72,73.78,73.975,74.32
AHH214,214,72.205,72.315,72.42,72.535,72.59,72.69,72.925,73.055,73.16,73.37,73.555,73.725,73.955,74.295
AHH215,215,70.265,70.405,70.54,70.68,70.75,70.85,71.09,71.23,71.345,71.575,71.72,71.86,72.05,72.205
AHH216,216,67.235,67.405,67.58,67.755,67.845,68.145,68.55,68.78,68.985,69.315,69.54,69.74,70.005,70.34
AHH217,217,76.33,76.38,76.435,76.48,76.505,76.525,76.695,76.755,76.775,76.89,76.965,77.055,77.255,77.615
AHH218,218,76.8,76.835,76.87,76.91,76.93,76.945,77.11,77.16,77.175,77.285,77.4,77.505,77.66,78.02
AHH219,219,76.425,76.445,76.455,76.475,76.485,76.785,77.01,77.14,77.195,77.37,77.47,77.645,77.96,78.325
AHH220,220,77.105,77.115,77.12,77.125,77.13,77.145,77.275,77.295,77.31,77.425,77.61,77.775,77.935,78.295
AHH221,221,73.855,73.905,73.95,74.005,74.035,74.055,74.135,74.195,74.225,74.34,74.4,74.465,74.695,75.06
AHH222,222,73.77,73.85,73.925,74.005,74.045,74.08,74.25,74.325,74.35,74.495,74.56,74.64,74.735,75.1
AHH223,223,74.78,74.8,74.815,74.83,74.835,74.935,75.095,75.16,75.22,75.265,75.285,75.3,75.39,75.72
AHH224,224,73.09,73.11,73.135,73.16,73.175,73.375,73.505,73.605,73.715,73.82,73.84,73.855,74.015,74.355
AHH225,225,73.295,73.305,73.315,73.325,73.335,73.635,73.765,73.865,73.975,74.07,74.14,74.185,74.34,74.675
AHH226,226,74.375,74.385,74.4,74.41,74.41,74.51,74.635,74.695,74.765,74.81,74.905,74.935,75.17,75.445
AHH227,227,73.945,73.955,73.975,73.995,74.005,74.205,74.345,74.45,74.51,74.575,74.66,74.685,75.005,75.16
AHH228,228,69.76,69.825,69.885,70.015,70.095,70.395,71.25,71.46,71.715,71.89,72.03,72.42,72.91,73.09
AHH229,229,70.96,71.015,71.045,71.165,71.235,71.435,72.215,72.375,72.59,72.71,72.795,73.125,73.6,73.815
AHH230,230,71.665,71.695,71.71,71.81,71.87,72.27,73.1,73.3,73.535,73.685,73.8,74.18,74.735,74.88
AHH231,231,72.07,72.085,72.09,72.17,72.22,72.62,73.475,73.68,73.9,74.02,74.115,74.475,75.005,75.185
AHH232,232,71.655,71.675,71.685,71.78,71.84,72.14,72.935,73.105,73.33,73.465,73.56,73.9,74.435,74.61
AHH233,233,71.21,71.23,71.24,71.33,71.38,71.48,72.195,72.32,72.485,72.55,72.585,72.86,73.325,73.525
AHH234,234,70.965,70.985,70.995,71.075,71.125,71.325,72.065,72.205,72.4,72.495,72.55,72.86,73.315,73.505
AHH235,235,68.06,68.125,68.195,68.335,68.415,68.615,69.44,69.635,69.88,70.04,70.17,70.55,71.005,71.19
AHH236,236,66.78,66.86,66.925,67.065,67.145,67.545,68.48,68.68,68.935,69.095,69.225,69.6,70.08,70.25
AHH237,237,68.955,69.02,69.07,69.195,69.27,69.37,70.135,70.285,70.485,70.595,70.67,70.99,71.425,71.615
AHH238,238,64.285,64.4,64.5,64.68,64.78,65.08,65.99,66.22,66.495,66.68,66.83,67.2,67.65,67.81
AHH239,239,67.055,67.145,67.21,67.35,67.43,67.63,68.475,68.67,68.915,69.065,69.185,69.54,69.985,70.16
AHH240,240,64.695,64.785,64.86,65,65.08,65.48,66.41,66.645,66.94,67.145,67.325,67.73,68.17,68.33
AHH241,241,68.99,69.015,69.03,69.12,69.18,69.18,69.84,69.955,70.11,70.17,70.195,70.49,70.86,71.045
AHH242,242,72.765,72.735,72.695,72.735,72.765,72.965,73.66,73.775,73.925,73.975,73.99,74.28,74.775,74.935
AHH243,243,70.985,71,70.995,71.065,71.105,71.305,72.04,72.185,72.38,72.475,72.535,72.84,73.305,73.495
AHH244,244,70.525,70.535,70.555,70.65,70.71,71.01,71.815,71.985,72.21,72.345,72.435,72.78,73.275,73.475
AHH245,245,69.955,70,70.035,70.15,70.22,70.32,71.05,71.19,71.385,71.485,71.55,71.87,72.335,72.52
AHH246,246,68.725,68.805,68.87,69.015,69.1,69.7,70.71,70.905,71.165,71.325,71.455,71.835,72.325,72.52
AHH247,247,70.965,71.02,71.065,71.185,71.255,71.355,72.105,72.25,72.435,72.535,72.595,72.905,73.34,73.54
AHH248,248,70.35,70.41,70.46,70.59,70.67,70.87,71.68,71.865,72.105,72.245,72.355,72.735,73.255,73.445
AHH249,249,69.14,69.205,69.255,69.385,69.455,69.855,70.77,71.01,71.3,71.505,71.675,72.095,72.62,72.805
AHH250,250,69.345,69.385,69.42,69.53,69.59,69.89,70.74,70.945,71.205,71.375,71.515,71.905,72.405,72.59
AHH251,251,70.515,70.575,70.62,70.74,70.81,71.01,71.815,71.985,72.21,72.345,72.435,72.785,73.27,73.465
AHH252,252,71.495,71.48,71.455,71.505,71.545,71.645,72.3,72.4,72.555,72.605,72.62,72.905,73.35,73.555
AHH253,253,68.805,68.825,68.83,68.92,68.97,69.07,69.76,69.88,70.05,70.125,70.165,70.455,70.835,71.015
AHH254,254,66.7,66.71,66.71,66.78,66.83,66.93,67.605,67.725,67.9,67.985,68.025,68.305,68.685,68.865
AHH255,255,65.73,65.745,65.755,65.845,65.905,66.205,66.99,67.16,67.39,67.525,67.625,67.96,68.36,68.53
AHH256,256,69.06,69.125,69.17,69.295,69.37,69.77,70.655,70.885,71.16,71.35,71.505,71.905,72.52,72.705
AHH257,257,72.785,72.775,72.755,72.825,72.865,72.965,73.635,73.745,73.905,73.965,73.995,74.265,74.765,74.91
AHH258,258,71.93,71.94,71.93,72.005,72.05,72.35,73.12,73.31,73.545,73.69,73.8,74.185,74.755,74.9
AHH259,259,71.51,71.52,71.52,71.595,71.645,71.945,72.71,72.87,73.09,73.22,73.31,73.665,74.215,74.335
AHH260,260,68.69,68.725,68.735,68.815,68.865,69.065,69.81,69.95,70.135,70.23,70.285,70.585,71.035,71.225
AHH261,261,69.75,69.75,69.755,69.835,69.885,70.185,70.965,71.125,71.34,71.46,71.54,71.87,72.355,72.55
AHH262,262,71.615,71.615,71.605,71.685,71.735,72.035,72.805,72.96,73.16,73.26,73.33,73.65,74.18,74.31
AHH263,263,71.57,71.585,71.595,71.695,71.755,71.755,72.42,72.53,72.69,72.76,72.79,73.085,73.49,73.705
AHH264,264,73.1,73.09,73.08,73.14,73.18,73.18,73.83,73.93,74.07,74.115,74.12,74.38,74.84,75.025
AHH265,265,71.295,71.305,71.3,71.37,71.41,71.51,72.19,72.305,72.48,72.555,72.6,72.905,73.34,73.54
AHH266,266,62.205,62.41,62.61,62.775,62.855,63.455,63.98,64.18,64.435,64.615,64.75,65.135,65.63,65.84
AHH267,267,65.435,65.57,65.685,65.78,65.83,66.23,66.53,66.73,66.98,67.16,67.285,67.675,68.18,68.39
AHH268,268,68.73,68.8,68.86,68.905,68.925,69.225,69.415,69.555,69.73,69.835,69.885,70.22,70.7,70.925
AHH269,269,62.51,62.695,62.855,62.975,63.035,63.535,63.965,64.165,64.415,64.59,64.715,65.115,65.65,65.945
AHH270,270,71.01,71.025,71.03,71.03,71.03,71.23,71.325,71.395,71.51,71.55,71.55,71.83,72.285,72.51
AHH271,271,65.665,65.725,65.765,65.785,65.795,66.095,66.265,66.375,66.54,66.62,66.645,66.95,67.44,67.71
AHH272,272,67.145,67.17,67.175,67.18,67.185,67.285,67.365,67.57,67.775,67.905,67.985,68.335,69.035,69.31
AHH274,274,70.695,70.86,71.03,71.2,71.33,71.36,71.645,71.85,72.155,72.31,72.4,72.735,73.255,73.565
AHH275,275,71.965,72.12,72.29,72.46,72.58,72.68,72.975,73.175,73.475,73.61,73.685,74.005,74.545,74.82
AHH276,276,73.72,73.85,73.99,74.13,74.24,74.265,74.55,74.73,74.94,75.015,75.06,75.365,75.9,76.195
AHH277,277,72.25,72.375,72.515,72.655,72.725,72.78,73,73.2,73.5,73.64,73.715,74.035,74.585,74.88
AHH278,278,69.21,69.4,69.61,69.79,69.86,70.06,70.385,70.64,71,71.205,71.355,71.755,72.325,72.55
AHH279,279,68.74,68.93,69.125,69.305,69.385,69.485,69.78,70,70.315,70.475,70.57,70.905,71.385,71.67
AHH280,280,68.505,68.7,68.9,69.06,69.12,69.42,69.79,69.985,70.29,70.425,70.5,70.81,71.295,71.58
AHH281,281,70.01,70.175,70.355,70.525,70.655,70.755,71.08,71.295,71.62,71.79,71.895,72.235,72.755,72.97
AHH282,282,73.18,73.28,73.38,73.505,73.655,73.855,74.12,74.325,74.63,74.785,74.88,75.22,75.705,75.96
AHH283,283,63.38,63.685,63.985,64.295,64.45,65.05,65.725,66.105,66.58,66.925,67.17,67.71,68.125,68.4
AHH284,284,63.37,63.675,63.96,64.255,64.4,64.7,65.225,65.535,65.93,66.19,66.355,66.76,67.17,67.37
AHH285,285,62.905,63.205,63.51,63.825,63.99,64.39,64.96,65.275,65.685,65.955,66.125,66.555,67,67.245
AHH286,286,64.6,64.925,65.215,65.52,65.66,65.96,66.52,66.835,67.25,67.52,67.695,68.14,68.585,68.855
AHH287,287,63.955,64.255,64.555,64.85,64.99,65.29,65.83,66.14,66.54,66.8,66.965,67.39,67.81,68.045
AHH288,288,63.46,63.765,64.07,64.37,64.51,64.81,65.34,65.645,66.05,66.315,66.48,66.91,67.32,67.57
AHH289,289,64.74,65.045,65.34,65.655,65.795,66.295,66.92,67.275,67.74,68.055,68.275,68.79,69.24,69.585
AHH290,290,64.075,64.38,64.66,64.965,65.125,65.525,66.115,66.445,66.86,67.145,67.33,67.78,68.22,68.48
AHH291,291,69.08,69.38,69.67,69.97,70.11,70.31,70.925,71.19,71.54,71.75,71.86,72.22,72.6,72.805
AHH292,292,67.935,68.245,68.535,68.83,68.975,69.03,69.52,69.775,70.145,70.365,70.485,70.86,71.24,71.455
AHH293,293,65.83,65.89,65.95,66.015,66.05,66.05,66.14,66.52,66.92,67.04,67.095,67.285,67.625,67.77
AHH294,294,63.23,63.28,63.335,63.395,63.425,63.825,64.065,64.395,64.88,65.08,65.135,65.375,65.86,66.095
AHH295,295,62.355,62.47,62.62,62.815,62.915,63.115,63.435,63.81,64.34,64.58,64.845,65.205,65.685,66
AHH296,296,65.24,65.27,65.32,65.37,65.4,65.5,65.59,65.85,66.255,66.385,66.45,66.67,66.935,67.08
AHH297,297,65.81,65.815,65.82,65.83,65.83,66.03,66.13,66.39,66.8,66.925,67.025,67.265,67.655,67.87
AHH298,298,61.95,62.04,62.115,62.21,62.26,62.96,63.365,63.75,64.3,64.565,64.855,65.24,65.675,65.975
AHH299,299,59.58,59.59,59.62,59.655,59.675,60.175,60.42,60.75,61.23,61.43,61.6,61.93,62.395,62.66
AHH300,300,64.945,65.015,65.145,65.25,65.3,65.8,66.135,66.52,66.91,67.02,67.15,67.435,67.92,68.17
AHH301,301,63.805,63.825,63.825,63.83,63.83,64.23,64.39,64.64,65.04,65.16,65.29,65.6,66.015,66.26
AHH302,302,65.525,65.545,65.585,65.625,65.645,66.045,66.245,66.555,67.015,67.195,67.415,67.81,68.345,68.57
AHH303,303,64.025,64.08,64.13,64.19,64.22,64.32,64.425,64.695,65.11,65.245,65.4,65.73,66.165,66.345
AHH304,304,67.14,67.18,67.215,67.245,67.265,67.265,67.325,67.555,67.905,67.97,68.045,68.29,68.755,68.965
AHH305,305,64.515,64.565,64.63,64.695,64.725,65.425,65.785,66.18,66.715,66.975,67.05,67.29,67.675,67.94
AHH306,306,61.465,61.86,62.235,62.62,62.81,62.81,63.355,63.75,64.29,64.545,64.835,65.21,65.65,65.9
AHH307,307,65.48,65.605,65.735,65.87,65.935,65.935,66.18,66.55,67.065,67.315,67.39,67.63,68.045,68.345
AHH308,308,67.315,67.39,67.475,67.56,67.6,67.6,67.765,67.985,68.27,68.345,68.38,68.575,68.925,69.145
AHH309,309,66.83,66.88,66.93,67,67.03,67.03,67.705,67.965,68.37,68.485,68.54,68.75,69.045,69.25
AHH310,310,65.93,65.95,65.97,65.99,66,66.2,66.3,66.565,66.97,67.08,67.18,67.47,67.955,68.22
AHH311,311,67.13,67.16,67.185,67.205,67.215,67.215,67.39,67.61,67.92,68.01,68.055,68.255,68.54,68.745
AHH314,314,67.72,67.84,67.935,68.03,68.08,68.28,68.525,68.845,69.315,69.5,69.68,70.04,70.57,70.885
AHH315,315,67.345,67.445,67.53,67.635,67.685,67.885,68.115,68.435,68.77,68.885,68.975,69.305,69.805,70.16
AHH316,316,72.83,72.83,72.84,72.84,72.84,72.94,73.015,73.255,73.61,73.745,73.82,74.03,74.575,74.865
AHH317,317,71.885,71.895,71.905,71.915,71.925,72.025,72.065,72.285,72.65,72.79,72.965,73.27,73.83,74.06
AHH318,318,70.125,70.155,70.185,70.215,70.235,70.235,70.29,70.51,70.85,70.97,71.095,71.355,71.785,71.92
AHH319,319,70.15,70.175,70.195,70.21,70.22,70.52,70.69,70.99,71.295,71.365,71.38,71.53,71.815,71.955
AHH320,320,70.43,70.44,70.45,70.46,70.47,70.47,70.49,70.66,70.96,71.03,71.05,71.205,71.505,71.69
AHH321,321,70.85,70.875,70.89,70.895,70.9,71,71.05,71.225,71.56,71.665,71.8,72.06,72.46,72.765
AHH322,322,71.845,71.865,71.865,71.875,71.885,71.885,71.91,72.075,72.38,72.455,72.485,72.645,72.925,73.095
AHH323,323,70.63,70.665,70.695,70.725,70.745,70.845,70.925,71.185,71.6,71.785,71.965,72.265,72.785,73.01
AHH324,324,72.3,72.315,72.32,72.325,72.33,72.33,72.36,72.535,72.825,72.89,72.925,73.09,73.38,73.54
AHH325,325,66.95,66.97,66.97,66.98,66.98,67.28,67.45,67.7,68.055,68.175,68.31,68.575,69.27,69.56
AHH326,326,69.54,69.565,69.585,69.585,69.585,69.685,69.76,70,70.37,70.515,70.62,70.86,71.305,71.49
AHH327,327,71.905,71.925,71.935,71.935,71.935,72.035,72.105,72.34,72.74,72.915,73.03,73.325,73.925,74.215
AHH328,328,70.755,70.765,70.765,70.775,70.785,70.985,71.07,71.345,71.795,72.01,72.175,72.635,72.865,73.025
AHH329,329,69.375,69.47,69.545,69.625,69.715,70.015,70.28,70.37,70.445,70.525,70.625,70.925,71.325,71.425
AHH330,330,69.015,69.11,69.185,69.265,69.355,69.455,69.64,69.69,69.745,69.79,69.835,70.08,70.435,70.555
AHH331,331,67.905,68,68.075,68.155,68.245,68.345,68.53,68.58,68.63,68.685,68.73,68.975,69.28,69.39
AHH332,332,65.695,65.79,65.865,65.935,66.025,66.425,66.72,66.83,66.93,67.035,67.125,67.415,67.8,67.915
AHH333,333,70.495,70.6,70.675,70.755,70.855,70.955,71.2,71.215,71.235,71.245,71.25,71.455,71.725,71.845
AHH334,334,70.785,70.88,70.965,71.045,71.135,71.185,71.355,71.395,71.435,71.47,71.505,71.74,72.07,72.2
AHH335,335,68.68,68.775,68.85,68.93,69.02,69.065,69.225,69.255,69.285,69.3,69.315,69.53,69.89,70.025
AHH336,336,68.185,68.28,68.355,68.435,68.525,68.825,69.175,69.19,69.275,69.31,69.32,69.525,69.685,69.765
AHH337,337,64.6,64.695,64.77,64.84,64.93,65.23,65.475,65.565,65.64,65.715,65.8,66.085,66.475,66.57
AHH338,338,67.05,67.15,67.22,67.3,67.39,67.59,67.8,67.86,67.925,67.99,68.05,68.31,68.65,68.79
AHH339,339,69.185,69.285,69.365,69.445,69.535,69.835,70.095,70.19,70.26,70.325,70.375,70.62,71.005,71.15
AHH340,340,67.01,67.11,67.18,67.26,67.35,67.65,67.91,68,68.075,68.155,68.245,68.535,68.955,69.065
AHH341,341,68.71,68.805,68.88,68.96,69.05,69.15,69.335,69.375,69.415,69.445,69.47,69.695,69.985,70.09
AHH342,342,72.53,72.63,72.71,72.79,72.89,72.91,73.07,73.105,73.13,73.155,73.175,73.395,73.755,73.88
AHH343,343,67.905,67.985,68.065,68.13,68.16,68.56,68.835,69.03,69.255,69.41,69.57,69.84,70.16,70.355
AHH344,344,67.895,67.955,68.015,68.065,68.085,68.435,68.66,68.83,69.04,69.18,69.3,69.53,69.815,69.98
AHH345,345,64.88,65,65.115,65.215,65.265,65.915,66.325,66.6,66.92,67.165,67.385,67.705,68.065,68.31
AHH346,346,63.92,64.075,64.23,64.37,64.44,64.89,65.275,65.54,65.825,66.05,66.24,66.525,66.855,67.12
AHH347,347,68.67,68.76,68.85,68.925,68.965,69.415,69.71,69.915,70.18,70.36,70.545,70.85,71.21,71.405
AHH348,348,62.885,63.11,63.31,63.495,63.585,64.085,65.335,65.535,65.765,65.93,66.1,66.48,66.945,67.22
AHH349,349,63.61,63.815,64.015,64.18,64.26,64.76,65.245,65.48,65.76,65.97,66.185,66.505,66.905,67.165
AHH350,350,61.295,61.52,61.74,61.935,62.03,62.43,62.885,63.18,63.52,63.795,64.08,64.505,65.015,65.305
AHH351,351,69.135,69.195,69.255,69.31,69.34,69.69,69.9,70.07,70.275,70.41,70.555,70.83,71.325,71.51
AHH352,352,68.495,68.61,68.705,68.76,68.79,69.14,69.385,69.685,70.02,70.31,70.445,70.69,70.985,71.16
AHH353,353,66.3,66.4,66.49,66.565,66.6,66.9,67.135,67.315,67.535,67.675,67.82,68.095,68.44,68.64
AHH354,354,69.71,69.79,69.87,69.94,69.97,70.27,70.485,70.685,70.925,71.105,71.3,71.62,71.945,72.15
AHH355,355,70.975,70.985,70.995,71.005,71.005,71.305,71.44,71.605,71.81,71.945,72.075,72.335,72.675,72.87
AHH356,356,71.745,71.775,71.795,71.805,71.825,71.925,71.995,72.23,72.47,72.655,72.85,72.865,73.04,73.225
AHH357,357,71.685,71.765,71.84,71.905,71.975,72.175,72.31,72.505,72.735,72.89,73.04,73.04,73.265,73.545
AHH358,358,71.35,71.38,71.41,71.425,71.445,71.545,71.62,71.87,72.155,72.375,72.585,72.6,72.795,72.985
AHH359,359,72.02,72.105,72.175,72.245,72.315,72.335,72.455,72.705,72.98,73.19,73.41,73.425,73.645,74.04
AHH360,360,70.93,71,71.045,71.095,71.155,71.255,71.38,71.615,71.885,72.09,72.235,72.235,72.46,72.635
AHH361,361,70.23,70.29,70.34,70.38,70.43,71.13,71.19,71.42,71.66,71.84,72.05,72.065,72.095,72.275
AHH363,363,73.84,73.855,73.865,73.87,73.88,73.895,73.965,74.175,74.36,74.475,74.705,74.73,74.955,75.15
AHH364,364,73.43,73.47,73.505,73.535,73.575,73.595,73.73,73.95,74.12,74.22,74.425,74.435,74.765,74.96
AHH365,365,73.57,73.595,73.605,73.615,73.625,73.645,73.725,73.95,74.13,74.24,74.45,74.46,74.755,74.95
AHH366,366,70.205,70.41,70.635,70.83,70.925,71.225,71.39,71.4,71.42,71.46,71.49,71.515,71.525,71.54
AHH367,367,70.7,71.305,71.71,71.925,72.045,72.245,72.475,72.515,72.555,72.615,72.67,72.705,72.73,72.75
AHH368,368,69.715,69.925,70.155,70.34,70.43,70.76,70.99,71.01,71.04,71.09,71.155,71.205,71.235,71.25
AHH369,369,69.975,70.19,70.4,70.605,70.7,71.15,71.295,71.315,71.345,71.395,71.42,71.43,71.445,71.455
AHH370,370,72.61,72.835,73.045,73.245,73.36,73.46,73.805,73.835,73.88,73.94,74,74.045,74.07,74.095
AHH371,371,67.885,67.91,67.935,67.955,67.965,68.365,68.56,68.81,69.165,69.31,69.39,69.7,70.12,70.355
AHH372,372,70.01,70.065,70.115,70.165,70.195,70.295,70.405,70.615,70.925,71.035,71.095,71.395,71.865,72.16
AHH373,373,68.68,68.785,68.88,68.975,69.02,69.12,69.295,69.545,69.9,70.05,70.11,70.41,70.825,71.045
AHH374,374,68.905,68.955,69.015,69.055,69.075,69.275,69.425,69.655,69.98,70.105,70.17,70.48,70.955,71.26
AHH375,375,68.67,68.75,68.83,68.905,68.945,69.045,69.185,69.42,69.74,69.86,69.935,70.245,70.76,70.995
AHH376,376,70.56,70.605,70.655,70.705,70.735,70.735,70.8,70.975,71.255,71.335,71.355,71.62,72.04,72.315
AHH377,377,66.44,66.48,66.52,66.56,66.58,66.78,66.92,67.15,67.48,67.61,67.68,67.985,68.38,68.61
AHH378,378,68.895,68.995,69.085,69.19,69.245,69.545,69.79,70.08,70.485,70.68,70.815,71.195,71.64,71.925
AHH379,379,69.165,69.24,69.31,69.385,69.425,69.425,69.525,69.72,70.01,70.095,70.135,70.41,70.91,71.215
AHH380,380,63.745,63.79,63.82,63.82,63.82,63.92,64.005,64.165,64.39,64.465,64.51,64.785,64.995,65.155
AHH381,381,66.895,66.95,66.98,67.03,67.05,67.15,67.29,67.48,67.75,67.815,67.85,68.12,68.56,68.78
AHH382,382,71.065,71.115,71.165,71.205,71.225,71.225,71.285,71.47,71.745,71.82,71.84,72.105,72.55,72.825
AHH383,383,70.17,70.18,70.19,70.195,70.2,70.4,70.485,70.67,70.945,71.02,71.04,71.3,71.725,71.995
AHH384,384,70.325,70.35,70.365,70.38,70.385,70.885,71.13,71.38,71.735,71.88,71.985,72.34,72.885,73.215
AHH385,385,69.585,69.585,69.585,69.585,69.585,69.585,69.635,69.885,70.27,70.425,70.535,70.885,71.39,71.68
AHH386,386,63.84,63.955,64.045,64.145,64.195,64.295,64.475,65.065,65.655,66.25,66.545,66.68,66.915,67.125
AHH387,387,69.635,69.65,69.655,69.665,69.675,69.875,69.96,70.26,70.545,70.83,70.83,70.83,71.065,71.14
AHH388,388,67.965,67.985,67.985,67.995,68.005,68.005,68.065,68.445,68.765,69.095,69.115,69.125,69.42,69.455
AHH389,389,69.865,69.89,69.91,69.92,69.93,70.03,70.105,70.45,70.79,71.13,71.155,71.155,71.375,71.395
AHH390,390,65.49,65.57,65.645,65.705,65.735,65.735,65.835,66.315,66.795,67.28,67.455,67.56,67.905,68.065
AHH391,391,63.485,63.555,63.635,63.68,63.705,63.905,64.06,64.645,65.245,65.855,66.155,66.335,66.825,67.08
AHH392,392,66.455,66.51,66.55,66.59,66.61,66.81,66.94,67.525,68.115,68.715,69.01,69.225,69.775,70.04
AHH393,393,63.06,63.085,63.1,63.11,63.12,63.12,63.19,63.57,63.885,64.195,64.215,64.215,64.665,64.71
AHH394,394,63.595,63.67,63.73,63.79,63.82,63.9,64.015,64.55,65.08,65.62,65.855,66.035,66.455,66.65
AHH395,395,68.475,68.525,68.565,68.595,68.605,68.605,68.68,69.11,69.515,69.92,70.01,70.055,70.395,70.525
AHH398,398,69.865,69.87,69.87,69.875,69.875,69.875,69.905,70.285,70.62,70.97,71,71.11,71.5,71.61
AHH399,399,67.345,67.38,67.415,67.435,67.445,67.645,67.76,67.97,68.285,68.405,68.46,68.675,69.09,69.31
AHH400,400,66.095,66.175,66.26,66.33,66.36,66.66,66.9,67.205,67.635,67.87,68.055,68.385,68.89,69.05
AHH401,401,69.39,69.46,69.53,69.6,69.64,69.71,69.875,70.085,70.365,70.455,70.49,70.77,71.15,71.345
AHH402,402,65.035,65.12,65.21,65.29,65.33,65.43,65.59,65.83,66.185,66.34,66.445,66.74,67.04,67.205
AHH403,403,65.705,65.74,65.785,65.82,65.84,66.14,66.32,66.575,66.95,67.13,67.26,67.535,67.955,68.16
AHH404,404,69.665,69.69,69.71,69.725,69.73,69.83,69.89,70.05,70.315,70.37,70.38,70.6,70.935,71.105
AHH405,405,66.055,66.135,66.205,66.275,66.305,66.405,66.55,66.77,67.115,67.245,67.33,67.605,67.965,68.175
AHH406,406,68.365,68.385,68.415,68.435,68.445,68.495,68.615,68.76,68.925,68.985,69.01,69.23,69.5,69.735
AHH407,407,65.145,65.2,65.25,65.29,65.31,65.61,65.805,66.06,66.43,66.61,66.725,67.035,67.41,67.635
AHH408,408,67.38,67.47,67.55,67.63,67.67,67.97,68.24,68.535,68.85,68.97,69.03,69.285,69.595,69.78
AHH409,409,65.415,65.515,65.615,65.705,65.755,65.955,66.165,66.45,66.83,67.015,67.15,67.43,67.905,68.15
AHH410,410,67.975,68.09,68.2,68.315,68.37,68.47,68.66,68.94,69.375,69.615,69.805,70.13,70.545,70.835
AHH411,411,65.445,65.575,65.7,65.82,65.88,66.18,66.47,66.74,67.115,67.29,67.41,67.72,68.155,68.37
AHH412,412,67.905,67.935,67.965,67.995,68.015,68.515,68.76,69.085,69.53,69.775,69.97,70.31,70.79,71.075
AHH413,413,67.785,67.835,67.895,67.945,67.975,68.375,68.62,68.92,69.335,69.555,69.72,70.01,70.535,70.7
AHH414,414,70.065,70.095,70.12,70.145,70.155,70.255,70.325,70.495,70.78,70.85,70.87,71.085,71.395,71.555
AHH415,415,68.995,69.025,69.05,69.075,69.09,69.39,69.545,69.785,70.135,70.285,70.38,70.665,71.045,71.28
AHH416,416,71.975,72,72.02,72.04,72.05,72.35,72.505,72.745,73.1,73.25,73.35,73.655,74.09,74.605
AHH417,417,66.805,66.85,66.89,66.93,66.95,67.35,67.555,67.845,68.25,68.455,68.61,68.945,69.41,69.715
AHH418,418,69.21,69.26,69.32,69.37,69.39,69.59,69.73,69.97,70.325,70.485,70.585,70.88,71.24,71.475
AHH419,419,72.385,72.395,72.415,72.435,72.445,72.745,72.885,73.035,73.29,73.335,73.345,73.555,73.93,74.38
AHH420,420,71.315,71.315,71.315,71.32,71.325,71.4,71.45,71.64,71.94,72.04,72.08,72.335,72.645,72.835
AHH421,421,70.29,70.305,70.31,70.32,70.33,70.53,70.635,70.825,71.12,71.215,71.255,71.495,71.825,72.03
AHH422,422,69.885,69.945,69.99,70.045,70.07,70.155,70.245,70.435,70.73,70.825,70.865,71.105,71.445,71.64
AHH423,423,66.785,66.885,66.975,67.06,67.105,67.105,67.24,67.54,67.865,68.14,68.38,68.47,68.54,68.715
AHH424,424,69.685,69.695,69.705,69.705,69.705,69.705,69.74,69.94,70.12,70.24,70.37,70.435,70.57,70.75
AHH425,425,69.245,69.265,69.285,69.295,69.295,69.395,69.455,69.695,69.96,70.17,70.295,70.355,70.45,70.615
AHH426,426,69.47,69.56,69.63,69.7,69.74,69.84,69.99,70.32,70.66,70.955,71.205,71.38,71.445,71.605
AHH427,427,69.55,69.605,69.655,69.695,69.715,69.815,69.92,70.18,70.465,70.685,70.855,70.965,71.035,71.2
AHH428,428,67.055,67.21,67.36,67.495,67.565,67.565,67.76,68.115,68.48,68.79,69.065,69.22,69.33,69.54
AHH429,429,69.185,69.265,69.34,69.4,69.43,69.43,69.535,69.795,70.07,70.295,70.47,70.59,70.735,70.92
AHH430,430,68.82,68.92,69.015,69.095,69.135,69.435,69.68,69.88,70.09,70.245,70.375,70.44,70.585,70.675
AHH431,431,70.27,70.285,70.305,70.305,70.305,70.305,70.34,70.52,70.695,70.815,70.925,70.965,71.035,71.2
AHH432,432,68.28,68.35,68.42,68.5,68.54,68.54,68.66,68.92,69.18,69.37,69.48,69.53,69.67,69.87
AHH438,438,72.695,72.755,72.81,72.86,72.88,72.88,72.99,73.23,73.465,73.665,73.835,73.955,74.13,74.575
AHH439,439,70.205,70.26,70.305,70.355,70.385,70.385,70.445,70.665,70.895,71.08,71.245,71.365,71.53,71.72
AHH440,440,66.53,66.71,66.89,67.07,67.24,67.44,67.8,68.185,68.77,69.025,69.275,69.615,69.965,70.16
AHH441,441,66.41,66.43,66.45,66.45,66.47,66.57,66.685,66.975,67.395,67.485,67.555,67.755,68.145,69.14
AHH442,442,61.32,61.565,61.81,62.035,62.275,62.375,62.805,63.19,63.77,64.02,64.26,64.6,64.995,65.235
AHH443,443,67.265,67.315,67.355,67.395,67.445,67.545,67.685,67.925,68.32,68.38,68.42,68.695,69.29,69.54
AHH444,444,64.61,64.635,64.675,64.7,64.73,64.93,65.065,65.305,65.735,65.825,65.905,66.235,66.72,67
AHH445,445,71.395,71.455,71.51,71.56,71.62,71.64,71.725,71.955,72.37,72.45,72.52,72.84,73.3,73.605
AHH446,446,59.765,59.875,59.98,60.105,60.165,60.465,60.735,60.995,61.25,61.505,61.7,62.08,62.605,62.935
AHH447,447,60.925,60.99,61.04,61.07,61.09,61.49,61.705,61.915,62.12,62.325,62.47,62.805,63.24,63.505
AHH448,448,70.06,70.115,70.145,70.19,70.215,70.315,70.425,70.57,70.695,70.815,70.875,71.185,71.505,71.63
AHH449,449,65.645,65.85,66.05,66.225,66.31,66.32,66.59,66.88,67.175,67.465,67.705,68.15,68.715,69.07
AHH450,450,63.875,64.14,64.385,64.65,64.78,64.88,65.275,65.565,65.855,66.14,66.38,66.825,67.38,67.705
AHH452,452,62.095,62.125,62.14,62.155,62.44,62.74,63.005,63.135,63.285,63.36,63.395,63.66,64.035,64.155
AHH453,453,63.39,63.475,63.53,63.605,63.925,64.225,64.555,64.72,64.905,65.015,65.08,65.38,65.825,66.065
AHH454,454,65.05,65.115,65.185,65.235,65.535,65.735,66.01,66.14,66.285,66.35,66.38,66.635,67.08,67.31
AHH455,455,64.48,64.685,64.88,65.07,65.44,65.54,65.98,66.11,66.265,66.34,66.365,66.625,67.07,67.255
AHH456,456,60.985,61.065,61.145,61.21,61.52,61.92,62.29,62.47,62.67,62.8,62.89,63.195,63.62,63.805
AHH457,457,59.345,59.405,59.475,59.54,59.855,60.455,60.9,61.14,61.415,61.625,61.79,62.12,62.66,62.945
AHH458,458,56.92,57.07,57.195,57.31,57.65,58.05,58.51,58.79,59.105,59.35,59.56,59.93,60.51,60.84
AHH459,459,59.905,60.025,60.09,60.225,60.575,61.075,61.565,61.81,62.105,62.325,62.51,62.91,63.435,63.75
AHH460,460,64.725,64.82,64.9,64.99,65.31,65.41,65.68,65.86,66.075,66.215,66.315,66.64,67.01,67.195
AHH461,461,68.61,68.765,68.915,69.055,69.405,69.505,69.86,70.06,70.295,70.455,70.58,70.94,71.415,71.67
AHH462,462,62.655,62.88,63.095,63.32,63.71,64.01,64.555,64.83,65.155,65.415,65.63,66.095,66.7,67.06
AHH463,463,64.8,64.81,64.82,64.82,65.1,65.3,65.49,65.72,66.075,66.21,66.295,66.585,66.96,67.175
AHH464,464,61.36,61.51,61.675,61.805,62.145,62.545,62.75,63.11,63.59,63.87,64.12,64.49,65.105,65.395
AHH465,465,61.815,61.865,61.895,61.935,62.235,62.335,62.545,62.775,63.13,63.255,63.34,63.615,63.99,64.26
AHH466,466,64.555,64.585,64.595,64.595,64.875,64.975,65.14,65.36,65.7,65.815,65.88,66.155,66.545,66.755
AHH467,467,68.295,68.315,68.325,68.33,68.61,68.71,68.885,69.1,69.41,69.515,69.57,69.83,70.16,70.395
AHH468,468,66.54,66.65,66.735,66.815,67.135,67.435,67.79,68.125,68.59,68.845,69.055,69.475,69.945,70.09
AHH471,471,69.5,69.545,69.585,69.615,69.915,70.015,70.215,70.45,70.795,70.93,71.015,71.315,71.75,72.025
AHH472,472,67.875,67.925,67.955,67.98,68.27,68.365,68.59,68.82,69.17,69.305,69.395,69.695,70.15,70.27
AHH473,473,67.09,67.23,67.295,67.345,67.565,67.665,67.895,68.07,68.35,68.45,68.5,68.73,69.065,69.11
AHH474,474,62.55,62.605,62.835,63.155,63.515,63.565,63.935,64.19,64.585,64.79,64.935,65.255,65.675,65.895
AHH475,475,57.16,57.475,57.76,57.995,58.315,58.615,59.205,59.475,59.875,60.085,60.245,60.56,60.91,61.105
AHH476,476,57.365,57.645,57.895,58.085,58.375,59.075,59.775,60.095,60.55,60.82,61.01,61.38,61.81,62.015
AHH477,477,66.865,67.025,67.16,67.285,67.55,67.63,67.94,68.16,68.51,68.67,68.83,69.18,69.595,69.7
AHH494,494,65.905,65.915,65.925,65.96,65.975,66.275,66.485,66.675,66.87,66.94,67.005,67.22,67.83,68.115
AHH496,496,68.525,68.545,68.57,68.575,68.575,68.61,68.705,68.845,69.005,69.04,69.07,69.24,69.685,69.83
AHH497,497,67.74,67.76,67.77,67.78,67.79,67.795,67.865,68,68.15,68.18,68.205,68.38,68.795,68.94
AHH507,507,65.31,65.35,65.35,65.4,65.43,65.63,65.765,65.94,66.205,66.335,66.455,66.74,67.115,67.385
AHH508,508,65.825,65.865,65.865,65.92,65.945,66.045,66.23,66.4,66.54,66.595,66.645,66.945,67.285,67.445
AHH509,509,65.42,65.585,65.635,65.655,65.665,65.695,65.765,65.935,66.18,66.305,66.41,66.67,66.97,67.125
AHH510,510,64.99,65.045,65.095,65.095,65.095,65.195,65.275,65.475,65.755,65.91,66.055,66.36,66.71,66.95
AHH511,511,55.7,56.015,56.32,56.32,56.32,56.52,56.855,57.13,57.505,57.75,57.99,58.32,58.59,58.725
AHH520,520,69.835,69.85,69.89,69.895,69.895,69.92,69.97,70.12,70.32,70.395,70.455,70.77,71.12,71.375
